<?xml version="1.0" encoding="UTF-8" standalone="no"?>
<project>
    	
    <configuration id="ilg.gnumcueclipse.managedbuild.cross.riscv.config.elf.debug.1880970502" name="Debug">
        		
        <extension point="org.eclipse.cdt.core.LanguageSettingsProvider">
            			
            <provider copy-of="extension" id="org.eclipse.cdt.ui.UserLanguageSettingsProvider"/>
            			
            <provider-reference id="org.eclipse.cdt.core.ReferencedProjectsLanguageSettingsProvider" ref="shared-provider"/>
            			
            <provider-reference id="org.eclipse.cdt.managedbuilder.core.MBSLanguageSettingsProvider" ref="shared-provider"/>
            			
            <provider class="org.eclipse.cdt.managedbuilder.language.settings.providers.GCCBuiltinSpecsDetector" console="false" env-hash="-107433153579665999" id="ilg.gnumcueclipse.managedbuild.cross.riscv.GCCBuiltinSpecsDetector" keep-relative-paths="false" name="CDT RISC-V Cross GCC Built-in Compiler Settings" parameter="${COMMAND} ${FLAGS} ${cross_toolchain_flags} -E -P -v -dD &quot;${INPUTS}&quot;" prefer-non-shared="true">
                				
                <language-scope id="org.eclipse.cdt.core.gcc"/>
                				
                <language-scope id="org.eclipse.cdt.core.g++"/>
                			
            </provider>
            		
        </extension>
        	
    </configuration>
    
</project>
